{
  "precision": 0.9032828282828282,
  "recall": 0.75,
  "f1": 0.7852151881854853
}